[
	{"text": "Ah, another face trying to survive."},
	{"text": "Well you came to the worst place possible to salvage needs."},
	{"text": "Me? I live here of course, and so will you once you get used to the place."},
	{"text": "I advise you to be careful. This entire place is filled with The Starved and The Hungry."},
	{"text": "And one last thing. There are stairs close by that lead futher down."},
	{"text": "You may find better things the deeper you."},
	{"text": "Well, off you go now."},
	{"text": " play"}
]
